schema_version,sample_seq,carla_frame,simulation_time_s,imu_frame,imu_timestamp_s,imu_frame_lag,radar_frame,radar_timestamp_s,radar_frame_lag,host_send_ns,host_gap_ns,host_gap_ms,nominal_period_ns,host_response_ns,roundtrip_ns,fault_label,distance_m,approach_speed_mps,accel_x_mps2,accel_y_mps2,accel_z_mps2,gyro_x_rps,gyro_y_rps,gyro_z_rps,incline_x_deg,incline_y_deg,incline_z_deg,speed_x_mps,speed_y_mps,speed_z_mps,speed_kmh,temperature_c,humidity_pct,lux,weather,requested_speed_limit_kmh,rpm_level,accelerator_cmd,brake_cmd,steering_normalized,manual_mode,gear,headlight,hazard,situation,reg0_hex,reg1_hex,reg2_hex,reg3_hex,reg4_hex,reg5_hex,reg6_hex,reg7_hex,reg8_hex,reg9_hex,fpga_response_valid,fpga_sample_seq,fpga_risk_word_hex,fpga_reliability_word_hex,fpga_accelerator,fpga_brake,fpga_steering_raw,fpga_speed_limit_kmh,fpga_headlight,fpga_hazard,fpga_transition_demand,fpga_hud_warning,fpga_mrm,fpga_td_remain_sec
2,1,16010,0.050000000,16010,844.3811371736228,0,16010,844.3811371736228,0,32081165027000,0,0.000000,50000000,32081165898100,871100,none,200.0,0.0,-1.6901551075738704e-35,1.8880273114269842e-36,9.8100004196167,0.0,0.0,0.0,0.0,0.0,89.77515411376953,0.0,0.0,-0.4899999797344208,1.7639999270439148,22.0,30.0,58516.5,0,100.0,0,10,0,0.0,1,1,0,0,0,00000000,000003D5,00000000,00000000,00002312,3C004E20,2BFCE494,4007F816,00000001,00000001,1,1,000050A8,00155550,10,0,0,81.6,1,1,0,0,0,11
2,2,16011,0.100000000,16011,844.4311371743679,0,16011,844.4311371743679,0,32081259880300,94853300,94.853300,50000000,32081260524400,644100,none,200.0,0.0,57512.984375,-6424.62109375,-112.76698303222656,0.0,0.0,0.0,0.0,0.0,89.77515411376953,0.0,0.0,-0.9800000786781311,3.5280002832412722,22.0,30.0,58516.5,0,100.0,0,10,0,0.0,1,1,0,0,0,F80007FF,0000F800,00000000,00000000,00002312,3C004E20,2BF8E494,4007F816,00000001,00000002,1,2,000050A8,00154550,10,0,0,81.6,1,0,0,0,0,11
2,3,16012,0.150000000,16012,844.481137175113,0,16012,844.481137175113,0,32081412154000,152273700,152.273700,50000000,32081412562800,408800,none,200.0,0.0,0.0,0.0,0.010020256042480469,0.0,0.0,0.0,0.0,0.0,89.77515411376953,0.0,0.0,-1.470000147819519,5.2920005321502686,22.0,30.0,58516.5,0,100.0,0,10,0,0.0,1,1,0,0,0,00000000,00000001,00000000,00000000,00002312,3C004E20,2BF4E494,4007F816,00000001,00000003,1,3,000050A8,00154550,10,0,0,81.6,1,0,0,0,0,11
2,4,16013,0.200000000,16013,844.531137175858,0,16013,844.531137175858,0,32081525862700,113708700,113.708700,50000000,32081526283600,420900,none,200.0,0.0,0.0,0.0,0.009993553161621094,0.0,0.0,0.0,0.0,0.0,89.77515411376953,0.0,0.0,-1.9600002765655518,7.056000995635986,22.0,30.0,58516.5,0,100.0,0,10,0,0.0,1,1,0,0,0,00000000,00000001,00000000,00000000,00002312,3C004E20,2BF0E494,4007F816,00000001,00000004,1,4,000050A8,00154550,10,0,0,81.6,1,0,0,0,0,11
2,5,16014,0.250000000,16014,844.5811371766031,0,16014,844.5811371766031,0,32081619118300,93255600,93.255600,50000000,32081619577400,459100,none,200.0,0.0,0.7051504254341125,-0.00035858154296875,15.241437911987305,-3.348104655742645e-07,0.0008394114556722343,2.2910359120942303e-07,5.958541464679001e-07,0.000539584900252521,89.77515411376953,-0.04228328530126496,1.5924155821273706e-08,-1.1441702437963717,4.121824591139165,22.0,30.0,58516.5,0,100.0,1,10,0,0.0,1,1,0,0,0,00000047,000005F4,00000001,00000000,00FF2312,3C004E20,2BF8E494,5007F816,00000001,00000005,1,5,000050A8,00154150,10,0,0,81.6,1,0,0,0,0,11
2,6,16015,0.300000000,16015,844.6311371773481,0,16015,844.6311371773481,0,32081714787800,95669500,95.669500,50000000,32081715225600,437800,none,200.0,0.0,0.45555394887924194,0.000535428524017334,24.658512115478516,-5.48316165804863e-07,-0.0009896630654111505,-1.0010589903686196e-05,8.71699512572377e-07,0.0012840754352509975,89.7751235961914,0.12816859744437512,6.871030312366892e-07,-0.5247445223217404,1.944613244952397,22.0,30.0,58516.5,0,100.0,0,10,0,0.0,1,1,0,0,0,0000002E,000007FF,0000FFFF,00000000,00002312,3C004E20,2BFCE494,4007F816,00000001,00000006,1,6,000000A8,00150110,10,0,0,81.6,1,0,0,0,0,11
2,7,16016,0.350000000,16016,844.6811371780932,0,16016,844.6811371780932,0,32081815211700,100423900,100.423900,50000000,32081815644400,432700,none,200.0,0.0,2.926252841949463,0.05797910690307617,19.142452239990234,5.1300739869475365e-06,-0.0018380796536803246,-0.0018549702363088727,4.331400305090938e-07,0.004405471961945295,89.75798797607422,0.3177225613289098,0.0001586368666675913,-0.14898965519031016,1.2633157209253576,22.0,30.0,58516.5,0,100.0,0,10,0,0.0,1,1,0,0,4,00060125,0000077A,FFFEFFFE,00000000,00002310,3C004E20,2BFCE494,4007F816,00000021,00000007,1,7,000000A8,00150110,10,0,0,81.6,1,0,0,0,0,11
2,8,16017,0.400000000,16017,844.7311371788383,0,16017,844.7311371788383,0,32081934652500,119440800,119.440800,50000000,32081935220400,567900,none,200.0,0.0,4.057222366333008,0.030078411102294922,15.159600257873535,8.50872602313757e-05,-0.0015389289474114776,-0.005245362874120474,-3.051740350201726e-05,0.008763132616877556,89.73406982421875,0.48411353132108953,0.002139883911233972,0.0554870787145062,1.7542357429040343,22.0,30.0,58516.5,0,100.0,0,10,0,0.0,1,1,0,0,4,00030196,000005EC,FFFBFFFE,00010000,0000230D,3C004E20,2800E494,4007F816,00000021,00000008,1,8,000000A8,00150110,10,0,0,81.6,1,0,0,0,0,11
2,9,16018,0.450000000,16018,844.7811371795833,0,16018,844.7811371795833,0,32082035116200,100463700,100.463700,50000000,32082035650100,533900,none,200.0,0.0,4.0230302810668945,-0.03227353096008301,12.471966743469238,-2.3206695914268494e-05,-0.001448037102818489,-0.018340831622481346,4.656150849768892e-06,0.012977358885109425,89.72061157226562,0.6918986846004443,0.0004024893670266562,0.14781519252655415,2.547043202184024,22.0,30.0,58516.5,0,100.0,0,10,0,0.0,1,1,0,0,4,FFFD0192,000004DF,FFEEFFFF,00010000,0001230C,3C004E20,2800E494,4007F816,00000021,00000009,1,9,000000A8,00150110,10,0,0,81.6,1,0,0,0,0,11
2,10,16019,0.500000000,16019,844.8311371803284,0,16019,844.8311371803284,0,32082123654600,88538400,88.538400,50000000,32082124149400,494800,none,200.0,0.0,4.473560810089111,-0.06752824783325195,10.786169052124023,6.207264959812164e-07,-0.001049106940627098,0.0006676315097138286,9.502984175924212e-05,0.016877396032214165,89.71975708007812,0.9014508018739767,-0.00038396973509537786,0.17246008505546928,3.3040788113639983,22.0,30.0,58516.5,0,100.0,0,10,0,0.0,1,1,0,0,4,FFF901BF,00000437,0001FFFF,00020000,0001230C,3C004E20,2800E494,4007F816,00000021,0000000A,1,10,000000A8,00150110,10,0,0,81.6,1,0,0,0,0,11
2,11,16020,0.550000000,16020,844.8811371810734,0,16020,844.8811371810734,0,32082233748100,110093500,110.093500,50000000,32082234160700,412600,none,200.0,0.0,4.20361852645874,-0.03954458236694336,9.828391075134277,1.6045523807406425e-06,-0.000674680108204484,0.008096044883131981,9.98765099211596e-05,0.019732415676116943,89.72925567626953,1.1081980049213616,-0.0011429014805516844,0.1605572228448628,4.031168540947172,22.0,30.0,58516.5,0,100.0,0,10,0,0.0,1,1,0,0,4,FFFC01A4,000003D7,0008FFFF,00020000,0001230D,3C004E20,2800E494,4007F816,00000021,0000000B,1,11,000000A8,00150110,10,0,0,81.6,1,0,0,0,0,11
2,12,16021,0.600000000,16021,844.9311371818185,0,16021,844.9311371818185,0,32082347903700,114155600,114.155600,50000000,32082348362600,458900,none,200.0,0.0,3.7983238697052,0.04230761528015137,9.35679817199707,3.1755800591781735e-05,-0.00026296975556761026,0.003727128030732274,4.0419177821604535e-05,0.021317020058631897,89.72915649414062,1.2958642232038713,-3.088193587226356e-06,0.13241847698094017,4.689404020401395,22.0,30.0,58516.5,0,100.0,0,10,0,0.0,1,1,0,0,4,0004017C,000003A8,00040000,00020000,0002230D,3C004E20,2800E494,4007F816,00000021,0000000C,1,12,000000A8,00150110,10,0,0,81.6,1,0,0,0,0,11
2,13,16022,0.650000000,16022,844.9811371825635,0,16022,844.9811371825635,0,32082475950600,128046900,128.046900,50000000,32082476457500,506900,none,200.0,0.0,3.9836935997009277,-0.012246370315551758,9.186111450195312,3.8024329114705324e-05,-0.0006556833395734429,0.0028298364486545324,-3.051824023714289e-05,0.022416679188609123,89.73548889160156,1.5401755224732634,0.00038254556501976636,0.10018422113036776,5.5563497260547905,22.0,30.0,58516.5,0,100.0,0,10,0,0.0,1,1,0,0,4,FFFF018E,00000397,0003FFFF,00020000,0002230E,3C004E20,2800E494,4007F816,00000021,0000000D,1,13,000000A8,00150110,10,0,0,81.6,1,0,0,0,0,11
2,14,16023,0.700000000,16023,845.0311371833086,0,16023,845.0311371833086,0,32082587644600,111694000,111.694000,50000000,32082588141600,497000,none,200.0,0.0,3.9686245918273926,0.021251916885375977,9.190492630004883,-1.0201620170846581e-05,1.828981112339534e-05,-0.013027922250330448,-6.103565101511776e-05,0.02294260449707508,89.73820495605469,1.6944493358438233,0.0006862250161709865,0.07044589060890467,6.105287412725848,22.0,30.0,58516.5,0,100.0,0,10,0,0.0,1,1,0,0,4,0002018D,00000397,FFF30000,00020000,0002230E,3C004E20,2800E494,4007F816,00000021,0000000E,1,14,000000A8,00150110,10,0,0,81.6,1,0,0,0,0,11
2,15,16024,0.750000000,16024,845.0811371840537,0,16024,845.0811371840537,0,32082711290200,123645600,123.645600,50000000,32082711714900,424700,none,200.0,0.0,3.878579616546631,0.04655861854553223,9.277180671691895,-1.2535048881545663e-05,-0.00016809529915917665,0.0023815257009118795,-3.0517407139996067e-05,0.02320215106010437,89.72750091552734,1.9076531742599114,0.0004255035097415552,0.04599210518720215,6.869547160742361,22.0,30.0,58516.5,0,100.0,0,10,0,0.0,1,1,0,0,4,00050184,000003A0,00020000,00020000,0002230D,3C004E20,2800E494,4007F816,00000021,0000000F,1,15,000000A8,00150110,10,0,0,81.6,1,0,0,0,0,11
2,16,16025,0.800000000,16025,845.1311371847987,0,16025,845.1311371847987,0,32082835593400,124303200,124.303200,50000000,32082836300200,706800,none,200.0,0.0,3.8237054347991943,0.02980351448059082,9.393808364868164,-6.216550536919385e-05,9.784637950360775e-05,-0.01621420867741108,8.5264808149077e-05,0.02322947233915329,89.70275115966797,2.0835817088643234,0.00037305143108082046,0.027526779422211115,7.501548769032105,22.0,30.0,58516.5,0,100.0,1,10,0,0.0,1,1,0,0,4,0003017E,000003AB,FFF00000,00020000,0003230A,3C004E20,2800E494,5007F816,00000021,00000010,1,16,000000A8,00150110,10,0,0,81.6,1,0,0,0,0,11
2,17,16026,0.850000000,16026,845.1811371855438,0,16026,845.1811371855438,0,32082958411900,122818500,122.818500,50000000,32082958853700,441800,none,200.0,0.0,4.034237861633301,-0.055098533630371094,9.50694751739502,-1.301373413298279e-05,-0.00014536500384565443,0.0030469740740954876,0.00017336857854388654,0.02338656596839428,89.69000244140625,2.301257186778902,-5.8746946495055986e-05,0.014505351024240767,8.284690467358809,22.0,30.0,58516.5,0,100.0,1,10,0,0.0,1,1,0,0,4,FFFA0193,000003B7,00030000,00020000,00032309,3C004E20,2800E494,5007F816,00000021,00000011,1,17,000000A8,00150110,10,0,0,81.6,1,0,0,0,0,11
2,18,16027,0.900000000,16027,845.2311371862888,0,16027,845.2311371862888,0,32083091341100,132929200,132.929200,50000000,32083091861200,520100,none,200.0,0.0,3.898916244506836,0.013068675994873047,9.6056489944458,-3.334930806886405e-05,7.305425242520869e-05,-0.013664723373949528,0.00023953604977577925,0.02342071756720543,89.66925811767578,2.4823268846551434,0.0002866049930287291,0.005964874755395787,8.936402682130119,22.0,30.0,58516.5,0,100.0,1,10,0,0.0,1,1,0,0,4,00010186,000003C1,FFF20000,00020000,00032307,3C004E20,2800E494,5007F816,00000021,00000012,1,18,000000A8,00150110,10,0,0,81.6,1,0,0,0,0,11
2,19,16028,0.950000000,16028,845.2811371870339,0,16028,845.2811371870339,0,32083210892800,119551700,119.551700,50000000,32083211439700,546900,none,200.0,0.0,4.054374694824219,-0.054842233657836914,9.680617332458496,8.030343451537192e-06,-0.00012223556404933333,0.004021965432912111,0.00025789719074964523,0.02355732023715973,89.66117858886719,2.697774641461184,-5.3639528809934975e-05,0.0007625406764434663,9.711988653671531,22.0,30.0,58516.5,0,100.0,1,10,0,0.0,1,1,0,0,4,FFFB0195,000003C8,00040000,00020000,00042306,3C004E20,2800E494,5007F816,00000021,00000013,1,19,000000A8,00150110,10,0,0,81.6,1,0,0,0,0,11
2,20,16029,1.000000000,16029,845.331137187779,0,16029,845.331137187779,0,32083329418700,118525900,118.525900,50000000,32083329888600,469900,none,200.0,0.0,3.9290060997009277,0.012268543243408203,9.736347198486328,-1.1049331078538671e-05,6.243340612854809e-05,-0.01059483177959919,0.0002621276944410056,0.02357781119644642,89.64690399169922,2.882417358479089,0.0003626716531011965,-0.0020737374912409593,10.376705251156139,22.0,30.0,58516.5,0,100.0,1,10,0,0.0,1,1,0,0,4,00010189,000003CE,FFF50000,00020000,00042305,3C004E20,2800E494,5007F816,00000021,00000014,1,20,000000A8,00150110,10,0,0,81.6,1,0,0,0,0,11
2,21,16030,1.050000000,16030,845.381137188524,0,16030,845.381137188524,0,32083454791300,125372600,125.372600,50000000,32083455314400,523100,none,200.0,0.0,4.024388313293457,-0.04442572593688965,9.772436141967773,1.946131669683382e-05,-7.429053948726505e-05,0.004837519023567438,0.0002389740984654054,0.023652944713830948,89.64384460449219,3.092795968086024,3.0393633601075098e-05,-0.0033918326124867102,11.134071805591862,22.0,30.0,58516.5,0,100.0,1,10,0,0.0,1,1,0,0,4,FFFC0192,000003D1,00050000,00020000,00042304,3C004E20,2800E494,5007F816,00000021,00000015,1,21,000000A8,00150110,10,0,0,81.6,1,0,0,0,0,11
2,22,16031,1.100000000,16031,845.4311371892691,0,16031,845.4311371892691,0,32083557553200,102761900,102.761900,50000000,32083558237300,684100,none,200.0,0.0,3.919020175933838,0.015543699264526367,9.796086311340332,-2.1698033378925174e-06,4.705049650510773e-05,-0.008243026211857796,0.00021632823336403817,0.023625623434782028,89.63477325439453,3.281462000192087,0.00042273175470419484,-0.003778086428503028,11.81327092928129,22.0,30.0,58516.5,0,100.0,1,10,0,0.0,1,1,0,0,4,00020188,000003D4,FFF80000,00020000,00052303,3C004E20,2800E494,5007F816,00000021,00000016,1,22,000000A8,00150110,10,0,0,81.6,1,0,0,0,0,11
2,23,16032,1.150000000,16032,845.4811371900141,0,16032,845.4811371900141,0,32083671354500,113801300,113.801300,50000000,32083671997400,642900,none,200.0,0.0,3.9643795490264893,-0.041117191314697266,9.808658599853516,2.1692858354072087e-05,2.2195561541593634e-05,0.0070237875916063786,0.00018460770661477,0.02359147183597088,89.63591766357422,3.4805728868938535,-0.0001137039203176473,-0.0036723117511630616,12.530069268975987,22.0,30.0,58516.5,0,100.0,1,10,0,0.0,1,1,0,0,4,FFFC018C,000003D5,00070000,00020000,00052304,3C004E20,2800E494,5007F816,00000021,00000017,1,23,000000A8,00150110,10,0,0,81.6,1,0,0,0,0,11
2,24,16033,1.200000000,16033,845.5311371907592,0,16033,845.5311371907592,0,32083774693200,103338700,103.338700,50000000,32083775131700,438500,none,200.0,0.0,3.8589978218078613,0.016663074493408203,9.815315246582031,-1.9436265574768186e-07,3.9240505429916084e-05,-0.006415184121578932,0.0001613782369531691,0.02349584922194481,89.63117218017578,3.6734012621705725,0.00019177589168487967,-0.003345453354832575,13.22425003103853,22.0,30.0,58516.5,0,100.0,2,10,0,0.0,1,1,0,0,4,00020182,000003D6,FFFA0000,00020000,00052303,3C004E20,2800E494,6007F816,00000021,00000018,1,24,000000A8,00150110,10,0,0,81.6,1,0,0,0,0,11
2,25,16034,1.250000000,16034,845.5811371915042,0,16034,845.5811371915042,0,32083877596100,102902900,102.902900,50000000,32083878417500,821400,none,200.0,0.0,187.6555633544922,-0.0231475830078125,10.022825241088867,1.3999175280332565e-05,0.006087899673730135,-0.0008565668249502778,0.00011150041245855391,0.00888607557862997,89.63169860839844,12.759504831333428,-9.153914952076502e-05,0.0029954866537021665,45.9342191539378,22.0,30.0,58516.5,0,100.0,2,10,0,0.0,0,1,0,0,4,FFFE07FF,000003EA,FFFF0006,00010000,00132303,3C004E20,2800E494,6007F816,00000020,00000019,1,25,000000A8,00150110,8,2,0,65.26,1,0,0,0,0,11
2,26,16035,1.300000000,16035,845.6311371922493,0,16035,845.6311371922493,0,32083981316200,103720100,103.720100,50000000,32083981894000,577800,roughness:50,200.0,0.0,-5.035393714904785,-0.007641792297363281,20.0,1.8030405044555664e-05,0.0022422359324991703,0.001869234605692327,6.256299093365669e-05,-0.0020149056799709797,89.63578796386719,12.74935084248451,-0.0007912907270004184,0.0012061036829715578,45.897663408536395,22.0,30.0,58516.5,0,50.0,3,5,0,0.0,0,2,0,0,4,FFFFFE08,000007D0,00020002,00000000,00132304,3C004E20,1400E494,B004E016,00000020,0000001A,1,26,000000C8,00150110,5,2,0,29.93,1,0,0,0,0,11
2,27,16036,1.350000000,16036,845.6811371929944,0,16036,845.6811371929944,0,32084111339800,130023600,130.023600,50000000,32084111699100,359300,roughness:50,200.0,0.0,1.7243032455444336,0.014049053192138672,20.1,1.661806891206652e-05,-3.130651748506352e-05,-0.00047966671991162,1.359451016469393e-05,-0.0037839245051145554,89.6370849609375,12.839666095067855,-0.0007399976221302374,-0.0004462559618156743,46.22279919001638,22.0,30.0,58516.5,0,50.0,2,5,0,0.0,0,2,0,0,4,000100AC,000007DA,00000000,00000000,00142304,3C004E20,1400E494,A004E016,00000020,0000001B,1,27,000000C8,00150110,5,2,0,29.93,1,0,0,0,0,11
2,28,16037,1.400000000,16037,845.7311371937394,0,16037,845.7311371937394,0,32084228771000,117431200,117.431200,50000000,32084229350200,579200,roughness:50,200.0,0.0,0.12432920932769775,0.005168497562408447,20.2,8.965464076027274e-06,0.00014301107148639858,0.0013126488775014877,-3.0517610866809264e-05,-0.0037566039245575666,89.63863372802734,12.792863957247315,-0.0008193002981883186,-0.0012055017598664028,46.05431129250853,22.0,30.0,58516.5,0,50.0,2,5,0,0.0,0,2,0,0,4,0001000C,000007E4,00010000,00000000,00132304,3C004E20,1400E494,A004E016,00000020,0000001C,1,28,000000C8,00150210,5,2,0,29.93,1,0,0,1,0,11
2,29,16038,1.450000000,16038,845.7811371944845,0,16038,845.7811371944845,0,32084343222400,114451400,114.451400,50000000,32084343735900,513500,roughness:50,200.0,0.0,-1.6909282207489014,0.009348750114440918,20.1,6.066460628062487e-06,0.0005601928569376469,-0.0004801840987056494,-3.0517821869580075e-05,-0.0048835850320756435,89.63872528076172,12.688955530378871,-0.0005952072583577037,-0.0010011236508443708,45.68024125623756,22.0,30.0,58516.5,0,50.0,2,5,0,0.0,0,2,0,0,4,0001FF57,000007DA,00000001,00000000,00132304,3C004E20,1400E494,A004E016,00000020,0000001D,1,29,000000C8,00150210,5,2,0,29.93,1,0,0,1,0,11
2,30,16039,1.500000000,16039,845.8311371952295,0,16039,845.8311371952295,0,32084461975800,118753400,118.753400,50000000,32084462476600,500800,roughness:50,200.0,0.0,-2.9463655948638916,0.003343343734741211,20.0,2.0456500351428986e-06,0.0011295242002233863,0.00032463448587805033,-6.103522173361853e-05,-0.007506377529352903,89.63926696777344,12.514499179430887,-0.0005360992285566151,-0.00015022309268079652,45.052197993971525,22.0,30.0,80549.50576142808,0,50.0,2,5,0,0.0,0,2,0,0,4,0000FED9,000007D0,00000001,FFFF0000,00132304,3C004E20,14013AA6,A004E016,00000020,0000001E,1,30,000000C8,00150210,5,2,0,29.93,1,0,0,1,0,11
2,31,16040,1.550000000,16040,845.8811371959746,0,16040,845.8811371959746,0,32084578819400,116843600,116.843600,50000000,32084579256700,437300,roughness:50,200.0,0.0,-3.5169310569763184,0.0041332244873046875,19.9,5.022156983613968e-07,0.0010748497443273664,-3.830850255326368e-05,-6.103480700403452e-05,-0.010716565884649754,89.63932037353516,12.34220564274367,-0.0003946386217721053,0.0009205296706308623,44.431938573750294,22.0,30.0,80549.50576142808,0,50.0,2,5,0,0.0,0,2,0,0,4,0000FEA0,000007C6,00000001,FFFF0000,00132304,3C004E20,14013AA6,A004E016,00000020,0000001F,1,31,000000C8,00150210,5,2,0,29.93,1,0,0,1,0,11
2,32,16041,1.600000000,16041,845.9311371967196,0,16041,845.9311371967196,0,32084712917900,134098500,134.098500,50000000,32084713380000,462100,roughness:50,200.0,0.0,-3.6124165058135986,0.0029163360595703125,19.8,-7.252674549818039e-07,0.0008732445421628654,2.6362857170170173e-05,-6.1034388636471704e-05,-0.013585245236754417,89.63941955566406,12.166891154592562,-0.00029998928281129523,0.0018885454817771344,43.80080683289993,22.0,30.0,80549.50576142808,0,50.0,2,5,0,0.0,0,2,0,0,4,0000FE97,000007BC,00000001,FFFF0000,00132304,3C004E20,14013AA6,A004E016,00000020,00000020,1,32,000000C8,00150210,5,2,0,29.93,1,0,0,1,0,11
2,33,16042,1.650000000,16042,845.9811371974647,0,16042,845.9811371974647,0,32084841968000,129050100,129.050100,50000000,32084842572800,604800,roughness:50,200.0,0.0,-2.8476552963256836,0.0027315616607666016,19.9,-1.8138089217245579e-06,0.0003164663212373853,-5.24428287462797e-06,-6.103481427999213e-05,-0.015074227005243301,89.63944244384766,12.037160826140195,-0.00022102486584180296,0.002500183359397347,43.3337805027906,22.0,30.0,80549.50576142808,0,50.0,2,5,0,0.0,0,2,0,0,4,0000FEE3,000007C6,00000000,FFFE0000,00122304,3C004E20,14013AA6,A004E016,00000020,00000021,1,33,000000C8,00150210,5,2,0,29.93,1,0,0,1,0,11
2,34,16043,1.700000000,16043,846.0311371982098,0,16043,846.0311371982098,0,32084957701600,115733600,115.733600,50000000,32084958318500,616900,roughness:50,200.0,0.0,-3.057823896408081,0.0014050006866455078,20.0,-2.5750778149813414e-06,0.0003876877890434116,-7.906198334239889e-06,-3.0517407139996067e-05,-0.016085093840956688,89.63944244384766,11.8682212693337,-0.00015976583096857436,0.0029158378605450477,42.72559823638186,22.0,30.0,80549.50576142808,0,50.0,2,5,0,0.0,0,2,0,0,4,0000FECE,000007D0,00000000,FFFE0000,00122304,3C004E20,14013AA6,A004E016,00000020,00000022,1,34,000000C8,00150210,5,2,0,29.93,1,0,0,1,0,11
2,35,16044,1.750000000,16044,846.0811371989548,0,16044,846.0811371989548,0,32085080870300,123168700,123.168700,50000000,32085081374600,504300,roughness:50,200.0,0.0,-2.9678969383239746,9.298324584960938e-05,20.1,-2.401597157586366e-06,3.741650652955286e-05,-9.422538823855575e-06,-3.0517407139996067e-05,-0.016570037230849266,89.6393814086914,11.734904266920486,-0.00010457436804082486,0.0031548686714232724,42.24565687139504,22.0,30.0,80549.50576142808,0,50.0,2,5,0,0.0,0,2,0,0,4,0000FED7,000007DA,00000000,FFFE0000,00122304,3C004E20,14013AA6,A004E016,00000020,00000023,1,35,000000C8,00150210,5,2,0,29.93,1,0,0,1,0,11
2,36,16045,1.800000000,16045,846.1311371996999,0,16045,846.1311371996999,0,32085204765100,123894800,123.894800,50000000,32085205259000,493900,roughness:50,200.0,0.0,-3.1379878520965576,0.001519918441772461,20.2,-2.383269020356238e-06,0.00024358679365832359,-8.312552381539717e-06,-3.051824023714289e-05,-0.017027661204338074,89.63932037353516,11.562014823698805,-6.416654000038762e-05,0.003314994064673281,41.62325468057528,22.0,30.0,80549.50576142808,0,50.0,2,5,0,0.0,0,2,0,0,4,0000FEC6,000007E4,00000000,FFFE0000,00122304,3C004E20,14013AA6,A004E016,00000020,00000024,1,36,000000C8,00150210,5,2,0,29.93,1,0,0,1,0,11
2,37,16046,1.850000000,16046,846.1811372004449,0,16046,846.1811372004449,0,32085323217300,118452200,118.452200,50000000,32085323873400,656100,roughness:50,200.0,0.0,-2.968001127243042,9.036064147949219e-05,20.1,-2.9513976187445223e-06,-7.783091859892011e-05,-6.86500334268203e-06,-3.0517407139996067e-05,-0.017184754833579063,89.63932037353516,11.430205701995318,-4.511189229653058e-05,0.003378610258985256,41.14874189974113,22.0,30.0,80549.50576142808,0,50.0,2,5,0,0.0,0,2,0,0,4,0000FED7,000007DA,00000000,FFFE0000,00112304,3C004E20,14013AA6,A004E016,00000020,00000025,1,37,000000C8,00150210,5,2,0,29.93,1,0,0,1,0,11
2,38,16047,1.900000000,16047,846.23113720119,0,16047,846.23113720119,0,32085470238500,147021200,147.021200,50000000,32085470892800,654300,roughness:50,200.0,0.0,-3.1430420875549316,0.00023889541625976562,20.0,-1.3758835848420858e-06,0.00018195922893937677,-4.878575055045076e-06,-3.051824023714289e-05,-0.017389660701155663,89.63932037353516,11.256478945877621,-3.131181771050489e-05,0.0034077687348578007,40.52332559967882,22.0,30.0,80549.50576142808,0,50.0,2,5,0,0.0,0,2,0,0,4,0000FEC6,000007D0,00000000,FFFE0000,00112304,3C004E20,14013AA6,A004E016,00000020,00000026,1,38,000000C8,00150210,5,2,0,29.93,1,0,0,1,0,11
2,39,16048,1.950000000,16048,846.281137201935,0,16048,846.281137201935,0,32085610578400,140339900,140.339900,50000000,32085611363100,784700,roughness:50,200.0,0.0,-2.9430418014526367,0.0008726119995117188,19.9,-2.422311808913946e-06,-0.000143169701914303,-3.5763309824687894e-06,-3.051824023714289e-05,-0.017389660701155663,89.63932037353516,11.127824713518967,-2.13653018124006e-05,0.003388910572972399,40.060170369129075,22.0,30.0,80549.50576142808,0,50.0,2,5,0,0.0,0,2,0,0,4,0000FEDA,000007C6,00000000,FFFE0000,00112304,3C004E20,14013AA6,A004E016,00000020,00000027,1,39,000000C8,00150210,5,2,0,29.93,1,0,0,1,0,11
2,40,16049,2.000000000,16049,846.3311372026801,0,16049,846.3311372026801,0,32085750296000,139717600,139.717600,50000000,32085750937200,641200,roughness:50,200.0,0.0,-3.108038902282715,-0.00016617774963378906,19.8,-1.0091025615110993e-06,0.00015358670498244464,-1.8396594896330498e-06,-3.051824023714289e-05,-0.017389660701155663,89.63932037353516,10.954322127033707,-1.4178567582031332e-05,0.003343384829054085,39.4355610439337,22.0,30.0,80549.50576142808,0,50.0,2,5,0,0.0,0,2,0,0,4,0000FEC9,000007BC,00000000,FFFE0000,00112304,3C004E20,14013AA6,A004E016,00000020,00000028,1,40,000000C8,00150210,5,2,0,29.93,1,0,0,1,0,11
2,41,16050,2.050000000,16050,846.3811372034252,0,16050,846.3811372034252,0,32085871077200,120781200,120.781200,50000000,32085871531200,454000,roughness:50,200.0,0.0,-2.893031120300293,-0.0006873607635498047,19.9,-6.903283065184951e-07,-0.0001828563545132056,-1.0443744713484193e-06,-3.051824023714289e-05,-0.017389660701155663,89.63932037353516,10.829358723193717,-8.997710933699311e-06,0.0033061632951708318,38.98569277528212,22.0,30.0,80549.50576142808,0,50.0,2,5,0,0.0,0,2,0,0,4,0000FEDF,000007C6,00000000,FFFE0000,00102304,3C004E20,14013AA6,A004E016,00000020,00000029,1,41,000000C8,00150210,5,2,0,29.93,1,0,0,1,0,11
2,42,16051,2.100000000,16051,846.4311372041702,0,16051,846.4311372041702,0,32086005120600,134043400,134.043400,50000000,32086005677800,557200,roughness:50,200.0,0.0,-3.078043222427368,0.0006475448608398438,20.0,-1.0565563570708036e-06,0.00014315059524960816,1.9019343255877175e-07,-3.051824023714289e-05,-0.017389660701155663,89.63932037353516,10.656422655508607,-5.285634151053443e-06,0.0032503381506361374,38.363122906374045,22.0,30.0,80549.50576142808,0,50.0,2,5,0,0.0,0,2,0,0,4,0000FECC,000007D0,00000000,FFFE0000,00102304,3C004E20,14013AA6,A004E016,00000020,0000002A,1,42,000000C8,00150210,5,2,0,29.93,1,0,0,1,0,11
2,43,16052,2.150000000,16052,846.4811372049153,0,16052,846.4811372049153,0,32086131470100,126349500,126.349500,50000000,32086131912000,441900,roughness:50,200.0,0.0,-2.837998151779175,0.0009036064147949219,20.1,-8.278148015961051e-07,-0.00020818818302359432,5.044457225267251e-07,0.0,-0.017150603234767914,89.63932037353516,10.53528357841629,-2.5920285549041466e-06,0.0031657427375520147,37.92702220929932,22.0,30.0,80549.50576142808,0,50.0,2,5,0,0.0,0,2,0,0,4,0000FEE4,000007DA,00000000,FFFE0000,00102304,3C004E20,14013AA6,A004E016,00000020,0000002B,1,43,000000C8,00150210,5,2,0,29.93,1,0,0,1,0,11
2,44,16053,2.200000000,16053,846.5311372056603,0,16053,846.5311372056603,0,32086258222400,126752300,126.752300,50000000,32086258705900,483500,roughness:50,200.0,0.0,-3.037998676300049,0.0002696514129638672,20.2,-4.999019438400865e-07,0.00014403215027414262,1.5286581174223102e-06,0.0,-0.017150603234767914,89.63932037353516,10.363015107096524,-6.453812551043825e-07,0.0031107054666052463,37.30685568731045,22.0,30.0,80549.50576142808,0,50.0,2,5,0,0.0,0,2,0,0,4,0000FED0,000007E4,00000000,FFFE0000,00102304,3C004E20,14013AA6,A004E016,00000020,0000002C,1,44,000000C8,00150210,5,2,0,29.93,1,0,0,1,0,11
2,45,16054,2.250000000,16054,846.5811372064054,0,16054,846.5811372064054,0,32086367210500,108988100,108.988100,50000000,32086367868800,658300,roughness:50,200.0,0.0,-2.7979540824890137,-9.465217590332031e-05,20.1,5.380716174840927e-07,-0.0002248885139124468,1.4082709185458953e-06,0.0,-0.016938868910074234,89.63932037353516,10.245699393802138,7.321558124218086e-07,0.0030351896347986357,36.884519101998116,22.0,30.0,80549.50576142808,0,50.0,2,5,0,0.0,0,2,0,0,4,0000FEE8,000007DA,00000000,FFFE0000,00102304,3C004E20,14013AA6,A004E016,00000020,0000002D,1,45,000000C8,00150210,5,2,0,29.93,1,0,0,1,0,11
2,46,16055,2.300000000,16055,846.6311372071505,0,16055,846.6311372071505,0,32086473811700,106601200,106.601200,50000000,32086474464900,653200,roughness:50,200.0,0.0,-2.9879627227783203,0.0005841255187988281,20.0,7.489725248888135e-07,0.00014965514128562063,2.2379119855031604e-06,0.0,-0.016938868910074234,89.63932037353516,10.07410614285431,1.7064422039858584e-06,0.002982705207108102,36.26678337531607,22.0,30.0,80549.50576142808,0,50.0,2,5,0,0.0,0,2,0,0,4,0000FED5,000007D0,00000000,FFFE0000,000F2304,3C004E20,14013AA6,A004E016,00000020,0000002E,1,46,000000C8,00150210,5,2,0,29.93,1,0,0,1,0,11
2,47,16056,2.350000000,16056,846.6811372078955,0,16056,846.6811372078955,0,32086758077100,284265400,284.265400,50000000,32086758511200,434100,roughness:50,200.0,0.0,-2.7529032230377197,-0.0023114681243896484,19.9,-9.546056389808655e-07,-0.00023747938394080848,1.962399664989789e-06,0.0,-0.016720302402973175,89.63932037353516,9.960569920008194,2.3708978513781176e-06,0.0029089018873899065,35.85805295649379,22.0,30.0,80549.50576142808,0,50.0,2,5,0,0.0,0,2,0,0,4,0000FEED,000007C6,00000000,FFFE0000,000F2304,3C004E20,14013AA6,A004E016,00000020,0000002F,1,47,000000C8,00150210,5,2,0,29.93,1,0,0,1,0,11
2,48,16057,2.400000000,16057,846.7311372086406,0,16057,846.7311372086406,0,32086821522400,63445300,63.445300,50000000,32086821931900,409500,roughness:50,200.0,0.0,-2.947923183441162,0.00021123886108398438,19.8,3.20113031193614e-07,0.0001588172890478745,2.6607058316585608e-06,0.0,-0.016720302402973175,89.63932037353516,9.789642349685618,2.8790224591013214e-06,0.0028577526699233606,35.24271368068334,22.0,30.0,80549.50576142808,0,50.0,2,5,0,0.0,0,2,0,0,4,0000FED9,000007BC,00000000,FFFE0000,000F2304,3C004E20,14013AA6,A004E016,00000020,00000030,1,48,000000C8,00150210,5,2,0,29.93,1,0,0,1,0,11
2,49,16058,2.450000000,16058,846.7811372093856,0,16058,846.7811372093856,0,32086928877600,107355200,107.355200,50000000,32086929326500,448900,roughness:50,200.0,0.0,-2.6978821754455566,0.0011599063873291016,19.9,-7.533526513725519e-07,-0.0002475194924045354,2.21762047658558e-06,0.0,-0.016481244936585426,89.63932037353516,9.679823624278283,3.188945546739319e-06,0.002785803372051778,34.84736625601215,22.0,30.0,80549.50576142808,0,50.0,2,5,0,0.0,0,2,0,0,4,0000FEF2,000007C6,00000000,FFFE0000,000F2304,3C004E20,14013AA6,A004E016,00000020,00000031,1,49,000000C8,00150210,5,2,0,29.93,1,0,0,1,0,11
